,std,var,skew_value,kurt,cross_rate,sum_peaks,class,combo
1011,0.39166667452667675,0.15340278393478574,0.1995338505994335,6.462591470598287,0.04731823599523242,39.42403582195112,1,01
1012,0.6094253627188356,0.37139927272498435,0.0008872178539986601,3.6085148007156147,0.058045292014302745,116.64716276608452,1,01
1013,0.5296120474262925,0.2804889207790695,-0.05328254376531673,4.353540817794319,0.05566150178784267,85.77293718699464,1,01
1014,0.5969639164305053,0.3563659175200473,0.04310620651326976,4.049458554814984,0.0568533969010727,112.7389720116155,1,01
1015,0.7402451017396423,0.5479628106495333,-0.03522969661196766,3.5004029369335,0.06257449344457688,168.72139045876688,1,01
1016,0.7641302381604181,0.5838950208710973,0.05097549926016224,4.835379548859761,0.06471990464839095,178.02220332253077,1,01
1017,0.9646675882835076,0.930583555884719,-0.05001832790516635,3.310117811435327,0.06471990464839095,252.12207450941048,1,01
1018,0.886396472570297,0.7856987065850652,-0.044499353673622684,3.704804662711394,0.06138259833134684,208.36143242113658,1,01
1021,0.6925993571153709,0.47969386947662507,0.002361617396168864,3.9407918577352974,0.06257449344457688,154.08538019710338,1,02
1022,0.9169780977297418,0.840848831716056,0.019062142065210747,3.831018537217652,0.06543504171632897,231.9983433209039,1,02
1023,0.8960244319444233,0.8028597826413264,0.012765194113629334,3.8797675045443296,0.0630512514898689,221.65054707766063,1,02
1024,0.8119949871359661,0.6593358591339377,0.01942595003615846,3.5607582679545433,0.06615017878426699,203.01585387700467,1,02
1025,0.9444477989693526,0.8919816449780547,-0.04148650317279856,3.0086995234393985,0.06758045292014303,256.34009486433905,1,02
1026,0.8360391968817604,0.698961538722699,0.046136088040553164,2.884215062607468,0.06829558998808105,225.91092808187162,1,02
1027,0.8715535572255548,0.7596056031125185,-0.07865438299188325,3.361671659364753,0.0699642431466031,232.27806290582208,1,02
1028,0.9108853929624804,0.8297121991124123,-0.046731775098574735,3.6502545295880697,0.06686531585220501,239.50944663910113,1,02
1031,0.7537196553686608,0.5680933188890528,-0.06429445094618845,4.172628274747023,0.06400476758045293,172.03600258616865,1,03
1032,0.7526303560230764,0.5664524528074227,-0.007643659620409111,3.615171160700628,0.06543504171632897,180.56023099181522,1,03
1033,0.8076740589147824,0.6523373854438794,0.02731813346761499,3.459323366035793,0.06209773539928486,192.22844845526703,1,03
1034,0.7142460992675044,0.5101474903188458,-0.031167117143106972,3.1303184175384136,0.06543504171632897,177.58361577014435,1,03
1035,0.7294819176614329,0.5321438681950016,-0.003063214970330225,3.6523514517070144,0.06376638855780692,166.3155915850575,1,03
1036,0.702453477670165,0.493440888290909,-0.004342427519919272,4.584659385105539,0.06471990464839095,156.55433498704446,1,03
1037,0.8829493158277921,0.7795994943207663,0.012735585165657069,4.586618502326114,0.066388557806913,221.01766390348376,1,03
1038,0.7909858130676675,0.625658556474319,0.0016752813448970472,4.654496099788885,0.06805721096543504,196.44853373133242,1,03
1041,0.7955755516185272,0.6329404583331238,-0.0034505073448983263,3.826356719422226,0.06543504171632897,191.18041838198,1,04
1042,0.8175650612071514,0.6684126293066532,-0.019647265493835733,3.733720795332875,0.06591179976162098,195.40925577388873,1,04
1043,0.9191448365899773,0.844827230630016,0.002904638470310864,4.286635600881451,0.06710369487485102,241.70358298848245,1,04
1044,0.7810007925721968,0.6099622379983995,-0.08481847307895676,4.127923739977138,0.06615017878426699,191.65948076364802,1,04
1045,0.7930356269416807,0.6289055055987846,0.017545597231627325,4.62514386527375,0.066626936829559,197.2738258998136,1,04
1046,0.8584600030985274,0.7369535769199237,-0.0604824960030696,3.5332980892479138,0.066626936829559,220.21758219621236,1,04
1047,0.6208142800653625,0.3854103703330744,-0.041448348511338245,3.8979327873493057,0.06591179976162098,136.5970046120886,1,04
1048,0.7610799323505212,0.5792426634266739,-0.008416804816226952,3.433764493698723,0.06758045292014303,196.34170475833062,1,04
1051,0.5527367278559254,0.30551789032087534,0.013800489926909265,4.338926521624076,0.061859356376638856,105.62712909192177,1,05
1052,0.6152804348931683,0.37857001356232634,-0.003624676193808961,4.033970080667506,0.06281287246722289,123.89143113399123,1,05
1053,0.6290620298078899,0.3957190373460226,0.009852993680665303,3.882913189726097,0.06686531585220501,137.11506252487,1,05
1054,0.685758100523117,0.4702641724330735,-0.04102287666931871,3.7303802536904294,0.06209773539928486,143.40076053207721,1,05
1055,0.6777343792186475,0.45932388877488556,-0.039724649619434595,4.331437329588034,0.06543504171632897,154.15304161480276,1,05
1056,0.6347251597822681,0.4028760284606257,-0.03912439508865436,3.4867168999595215,0.06471990464839095,135.0899221078699,1,05
1057,0.8080785341986535,0.6529909174326444,0.02012490955875786,8.619470872240255,0.066626936829559,184.1997055113052,1,05
1058,0.7490278183861515,0.5610426727163176,-0.031639264685522736,4.0095899097941325,0.06805721096543504,179.09377056689945,1,05
1061,0.8218582877855265,0.6754510452017572,-0.05833347100433581,3.4021883026868354,0.057568533969010724,184.01903858316226,1,06
1062,0.8175455806140725,0.6683807763816009,-0.08285847902468277,3.6165426343205507,0.06019070321811681,189.7763480389852,1,06
1063,0.8586292172378105,0.7372441326944151,0.0608079542662766,3.2740031953790467,0.05828367103694875,194.21281174232706,1,06
1064,0.8677864950557966,0.7530534010012242,0.0025045905895252486,3.4578081277232795,0.05709177592371871,195.63585081499838,1,06
1065,0.9878102038098049,0.9757689987507683,-0.07219085385366375,3.30413803433801,0.0568533969010727,233.5874484673993,1,06
1066,0.9642259374800235,0.9297316585092302,-0.062010518505254734,3.341711105724754,0.06019070321811681,226.21863648436917,1,06
1067,1.0048528088199096,1.0097291673932618,0.022630059570699804,3.764819447622878,0.06209773539928486,249.9244730425395,1,06
1068,1.1319982424155284,1.2814200208318454,-0.019424546325406522,2.962584502796948,0.060429082240762814,288.22504896193516,1,06
1071,0.4652251046797906,0.21643439802432213,0.012509735003761815,3.5834753111462003,0.052800953516090585,79.94926866506268,1,07
1072,0.5485329754925659,0.30088842520272785,-0.048185332525813765,4.093033919376575,0.052800953516090585,96.91105797461688,1,07
1073,0.4778997132159443,0.22838813589188184,0.010490521363315616,3.841657810094887,0.052085816448152564,78.34621366653303,1,07
1074,0.49810407224737047,0.24810766678941365,0.005133575731367747,3.558392377431337,0.053516090584028606,87.91215970475379,1,07
1075,0.5197424695050921,0.27013223460725155,0.039807408535812,4.332464979091443,0.05399284862932062,91.23298184701494,1,07
1076,0.6583443231333753,0.4334172478019421,0.01294510671185428,7.304280864076113,0.056615017878426696,123.08164673629156,1,07
1077,0.6532354902236559,0.42671660568774006,0.024936110103210597,3.544553496302141,0.05399284862932062,132.4224394878486,1,07
1078,0.6636351968992718,0.4404116745635352,0.04564467448845386,3.2137311835557565,0.05709177592371871,141.27594463573595,1,07
1081,0.48473438144587266,0.2349674205557128,0.07506826672358825,4.288310359281473,0.05184743742550656,72.97247507657254,1,08
1082,0.5775576745783184,0.33357286746431475,-0.05051069870761641,5.976645814049506,0.054231227651966626,83.56749556965123,1,08
1083,0.6080573776944573,0.36973377456865997,-0.07435207969384226,3.5040301051612084,0.056615017878426696,111.4532125964206,1,08
1084,0.5664230143532956,0.3208350311890737,-0.12713484423835783,4.180702263030412,0.058760429082240766,105.0053206886106,1,08
1085,0.6309483112665992,0.3980957714901734,0.010760782179108959,4.023238371126259,0.05828367103694875,121.02414533705378,1,08
1086,0.7460739747108425,0.5566263757408348,0.08110060192136737,4.188976904186335,0.05637663885578069,154.61014809888474,1,08
1087,0.7945234688873862,0.6312675426128453,0.043866344566660005,5.674947387254625,0.05923718712753278,167.3797394302967,1,08
1088,0.7574836033386096,0.5737814093268441,-0.008206772019001829,3.7735333584301944,0.05733015494636472,163.92368797202175,1,08
1091,0.35422004932717216,0.12547184334534428,0.04604683532101158,12.094709419058509,0.03969010727056019,13.629503343961952,1,09
1092,0.3800982235768895,0.14447465956630706,0.10266856527195811,7.619878456334962,0.04541120381406436,27.129459886084273,1,09
1093,0.3694664680764206,0.1365054710328647,0.2644587950402312,9.686013745631092,0.04159713945172825,18.90477418421627,1,09
1094,0.3934527929400483,0.15480510027232453,0.019384624980071485,5.943670134142594,0.04612634088200238,26.469277328876412,1,09
1095,0.40554591463565337,0.16446748887766865,-0.10965514187978785,6.672885524306687,0.04564958283671037,31.91342413176557,1,09
1096,0.4456289847382069,0.19858519203880504,0.14461722819413703,5.449145903546251,0.052085816448152564,51.69267699536856,1,09
1097,0.4518217887397707,0.20414292878000598,0.3177293978481242,7.6813772593877365,0.05256257449344458,49.55784790706393,1,09
1098,0.5241817050281721,0.2747664598862416,0.09767296151744284,9.135091991819207,0.052800953516090585,72.30148254449999,1,09
1101,0.5514862753458144,0.3041371118947994,-0.07437684679464776,6.094896645081701,0.06257449344457688,99.01631497456545,1,10
1102,0.5926010138899466,0.35117596166339266,0.0007341457187681977,4.171135406928152,0.06209773539928486,113.73085351350285,1,10
1103,0.7483897306810091,0.5600871889887934,-0.00857475805235254,3.7979356105902884,0.06543504171632897,180.3592650990901,1,10
1104,0.7699126643109004,0.5927655106663092,-0.032099835711635424,3.785371651119124,0.0699642431466031,197.03772719325588,1,10
1105,0.7284596852545446,0.5306535130411503,0.026676830317753635,3.3052753777260797,0.06710369487485102,176.71898881110113,1,10
1106,0.8755425598914204,0.7665747741812214,0.04062326909108193,3.0772853286991384,0.06805721096543504,237.56457439391974,1,10
1107,0.9188673362121784,0.8443171815576646,0.017982119638237187,3.538626878216814,0.07139451728247914,253.29723272808894,1,10
1108,0.9072553331595912,0.8231122395465208,-0.028659246337584574,3.5740015957245514,0.07020262216924911,240.4831083533539,1,10
1111,0.3461190424976542,0.11979839157949294,0.24405900018438262,8.738662345882501,0.049702026221692494,32.25156914160628,1,11
1112,0.3620774163568137,0.1311000554356254,0.08220127951636791,10.412163525186173,0.051132300357568536,35.59533731815614,1,11
1113,0.42085657876743904,0.1771202598918336,0.0457318807430543,6.579113129851024,0.05446960667461263,57.169482618473126,1,11
1114,0.44592540985748935,0.19884947115656987,0.028634976603879845,5.653788789181038,0.05733015494636472,66.28396996267956,1,11
1115,0.41052477904312223,0.16853059420840433,0.046363211919735116,7.357272950630983,0.05566150178784267,52.929594995233,1,11
1116,0.5612803283768669,0.31503560702284356,0.0837337455505177,4.784702903960321,0.05947556615017879,103.55336047518028,1,11
1117,0.5666350522604364,0.3210752824501875,-0.03262709488288275,4.418462260096623,0.06519666269368296,116.14403927336322,1,11
1118,0.6215599293375538,0.38633674575810484,0.10847819672428802,8.551866940661334,0.058045292014302745,98.27422862093299,1,11
1121,0.383139021667995,0.14679550992470836,0.17322107718682972,7.9911021350330556,0.05184743742550656,39.3479649370082,1,12
1122,0.4165117629282266,0.17348204865757924,0.04516931431746375,8.528331997949918,0.048986889153754466,49.40376343579484,1,12
1123,0.4870343897902238,0.23720249683833564,0.04398659834802205,4.6645012498308756,0.06376638855780692,90.28301340771753,1,12
1124,0.6525667587280626,0.42584337459684946,-0.0004025744714245397,5.3737665211113805,0.06924910607866508,148.00335371299184,1,12
1125,0.5709154864234315,0.3259444926381034,0.02273455424050852,4.605037238539262,0.061144219308700835,111.57388028882778,1,12
1126,0.6222961720323377,0.3872525257261008,-0.003187156556279832,4.4042205525534115,0.06948748510131109,143.79648977272504,1,12
1127,0.5604590896674313,0.3141143911908458,-0.02598477501786703,4.522384916101749,0.06734207389749702,117.23775183248186,1,12
1128,0.8941519693902391,0.799507744364443,-0.1021561153647571,5.285708056470943,0.07520858164481525,248.80243440908976,1,12
1131,0.23410807318062535,0.054806589928345036,0.5443839581163019,17.42312557646264,0.03873659117997616,5.218339342963788,1,13
1132,0.33348609213862124,0.11121297364988897,0.13065157656706344,8.334476133043356,0.05184743742550656,39.5033970135641,1,13
1133,0.35305129934051416,0.12464521996602533,0.1344438495606842,6.148959787830131,0.05494636471990465,50.713768307157906,1,13
1134,0.4112134065000687,0.16909646568539075,0.12037745744284786,6.027767925769143,0.05947556615017879,69.946127785775,1,13
1135,0.39331883522332156,0.1546997061414304,0.07875949767808216,5.317216114521203,0.06019070321811681,71.5225464278013,1,13
1136,0.5135513053340683,0.2637349432103255,0.03838849957528022,19.610195262652038,0.06066746126340882,86.00155822752623,1,13
1137,0.5256565256980569,0.2763147830089519,0.05325327994486808,4.145335491455879,0.06615017878426699,122.99172127702867,1,13
1138,0.6381631190664359,0.407252166536602,-0.01956356599668206,4.063908232900119,0.06877234803337307,162.64561415213655,1,13
1141,0.28812520379753515,0.08301613306337116,0.12355657949222862,12.118842334358462,0.042073897497020264,7.586139132794764,1,14
1142,0.3094533811648714,0.09576139511437119,0.3062748973824939,13.476290694638562,0.040405244338498215,7.129777244525602,1,14
1143,0.3511069899853263,0.12327611841655603,-0.049377953124733795,9.62459411885625,0.05065554231227652,28.930338428908154,1,14
1144,0.396667269623512,0.15734492279057197,-0.07463932541101428,8.249545355721718,0.05566150178784267,50.282631526438735,1,14
1145,0.5244277038844505,0.2750244166015169,0.003555782089680661,5.766504025903948,0.06209773539928486,93.94693258409501,1,14
1146,0.4261813913616319,0.18163057834293647,-0.1277531988027866,7.599132576769514,0.05923718712753278,65.78095765705777,1,14
1147,0.44146881154952783,0.1948947115709525,-0.0014823985484894962,8.543558033187471,0.059713945172824794,65.76653431522296,1,14
1148,0.48994805329787033,0.2400490949303728,0.031954052685146214,5.703985772709698,0.06781883194278904,87.18332894711054,1,14
1151,0.354733051114467,0.12583553755297908,0.04077727020783595,10.550474819183817,0.04493444576877235,15.437502972766866,1,15
1152,0.4712917428768191,0.22211590690386973,0.07395536641743841,5.549627605112808,0.05470798569725864,67.73746063345737,1,15
1153,0.46392563567709794,0.2152269954383994,0.03939973501459627,7.542395216307384,0.05303933253873659,52.933196952277314,1,15
1154,0.5289381575239207,0.27977557448479995,0.017265233681598612,4.5143752930054895,0.05852205005959476,85.90010182191273,1,15
1155,0.7227631478753147,0.5223865679266341,-0.0831795050484364,3.9792999383832015,0.06138259833134684,150.9652380397237,1,15
1156,0.7172156507687654,0.5143982897076637,-0.024081033624461845,3.9208757330665427,0.06543504171632897,167.53144844787096,1,15
1157,0.9038776081416253,0.8169947304998256,-0.007419382250072146,4.4392837652052055,0.066388557806913,220.3206530875086,1,15
1158,0.8718503549572163,0.7601230414390241,-0.13659024676375278,3.809548440279685,0.06924910607866508,225.62400353687232,1,15
2011,0.7137404962408721,0.5094254959741663,-0.027340779712926516,3.8895151948774305,0.07425506555423123,207.60614248620053,2,01
2012,0.67017353289709,0.449132564195767,-0.043210868788580784,3.8248008984724353,0.07258641239570918,182.297304320864,2,01
2013,0.6587269363319315,0.4339211766492525,-0.031119462327698747,3.8672486985951844,0.07067938021454112,172.72809190491353,2,01
2014,0.6892382776023062,0.47504940331219364,-0.012638670897991925,3.368265066995633,0.07449344457687723,199.73469111793398,2,01
2015,0.8064788529953595,0.6504081403287106,0.008596985948457666,3.2978722597675167,0.07616209773539928,253.34539618080322,2,01
2016,0.8286397761100328,0.6866438785516853,0.00036683223578428087,3.254017000021213,0.07711561382598331,262.4428255201732,2,01
2017,0.8548350271897593,0.7307429237105166,-0.034984202633271386,3.22898993866596,0.07759237187127532,267.917075390326,2,01
2018,0.8294353212144635,0.6879629520781403,-0.054426141254765054,3.2825536312380432,0.07449344457687723,255.93538056369664,2,01
2021,0.2527250856032273,0.06386996889315857,0.219475057517744,21.931232912753515,0.034445768772348034,0.8116213963714949,2,02
2022,0.26662548804004566,0.07108915087259253,0.4062638096403741,15.513212184471298,0.03778307508939213,7.3206076087302305,2,02
2023,0.2657575404615602,0.0706270703121778,0.31502596523370635,16.405711475297803,0.03945172824791418,2.4808914647152225,2,02
2024,0.3632429478921164,0.1319454391933548,0.01947614880779685,8.651035274159844,0.05375446960667461,34.353252762560956,2,02
2025,0.3774023174472274,0.14243250921453782,-0.008148621350706976,7.342321496775303,0.05947556615017879,44.31081491821539,2,02
2026,0.41709073389379325,0.17396468030006307,0.1271184686596998,4.427930381734788,0.06686531585220501,64.6779322603877,2,02
2027,0.5590072678497768,0.31248912550887215,-0.2321165580979568,5.83659466765022,0.06781883194278904,106.2425804909891,2,02
2028,0.536110243706629,0.2874141934071811,-0.036931531005343736,4.124638748819955,0.06734207389749702,111.0781709753389,2,02
2031,0.6437951141551589,0.4144721490100541,0.010072046984832505,3.2497285246893797,0.05542312276519666,125.8206420769314,2,03
2032,0.6507218353916472,0.423438907055474,0.010289546560323805,3.2861966116885837,0.05470798569725864,127.9017618281554,2,03
2033,0.6241542158812636,0.38956848520235504,-0.03785549549897984,3.0816785663683706,0.05828367103694875,128.53680649291923,2,03
2034,0.7209312724139093,0.5197418995443384,0.0214579530026532,2.993405582970757,0.0568533969010727,147.79266152041285,2,03
2035,0.6860617634101212,0.47068074321340503,-0.07903141624514773,3.262634383614052,0.056615017878426696,132.18350193134964,2,03
2036,0.7310155801010318,0.5343837783504481,0.0492401410758435,3.1334998154974563,0.0599523241954708,156.1832063320692,2,03
2037,0.9742246746272439,0.9491137166525593,-0.048953229704689294,2.964305255591854,0.0632896305125149,235.99249737853356,2,03
2038,0.9522968495096255,0.9068692895859582,-0.015396715537645917,3.3509066138985424,0.06591179976162098,242.65439953466594,2,03
2041,0.2303876225431585,0.05307845662108888,0.3441363353330059,17.74049759484231,0.031108462455303933,-3.9067158915369267,2,04
2042,0.2367844908210586,0.05606689509338798,0.27024891890486463,16.585872748920014,0.03373063170441001,-4.206364651213099,2,04
2043,0.24155683815449033,0.058349706059194636,0.16347639686003307,19.64828734224226,0.03253873659117998,-9.790025053283413,2,04
2044,0.2783622450096743,0.07748553944682596,0.07181925383095336,13.493477579827905,0.04374255065554231,6.560944050973007,2,04
2045,0.4263595421755137,0.18178245920411365,0.045105073767386455,9.07762675761189,0.04612634088200238,44.48211712078919,2,04
2046,0.398815197776405,0.15905356197743303,0.030972488585601372,4.701913524866325,0.05899880810488677,63.3830599325508,2,04
2047,0.4756599111636945,0.22625235108825373,0.033735682341949146,4.993512455969486,0.05733015494636472,83.11968229343368,2,04
2048,0.539068423848378,0.29059476559037456,0.161434723786633,5.842865928744534,0.058760429082240766,99.03237234625814,2,04
2051,0.845434272252606,0.7147591086992936,0.013210076108542065,5.711878527183971,0.06448152562574494,198.7225570430996,2,05
2052,0.8004621990261043,0.6407397320697066,-0.005227495538088378,3.7718881116248837,0.06376638855780692,190.8175819547175,2,05
2053,0.9705986381448544,0.942061716368646,0.0065761723868144745,3.8922428675408947,0.066388557806913,263.84881351946,2,05
2054,0.8940471630335193,0.7993203297282842,-0.0468622311534423,3.3490178876348913,0.06376638855780692,224.68690510292285,2,05
2055,1.0698381633556466,1.1445536957721834,-0.038588966519608775,3.0127061419475916,0.06805721096543504,304.3281164475286,2,05
2056,1.1042526742896388,1.2193739686758192,-0.017862149227513068,3.9245803226203835,0.06829558998808105,307.3152901783176,2,05
2057,1.0923131906238832,1.1931481064109277,0.029533017369792948,2.8839923458231826,0.06853396901072706,320.48053162538645,2,05
2058,1.1476008736670218,1.3169877652413118,-0.01703270778550436,3.505726222005853,0.06948748510131109,331.03894512380606,2,05
2061,0.3637817072742564,0.13233713054737278,0.2688767596220916,10.52855072238545,0.0365911799761621,14.676294370756397,2,06
2062,0.5129558222867905,0.2631236756179174,0.26145955530101783,5.646401284392162,0.0432657926102503,61.454616090512104,2,06
2063,0.5627053804755904,0.3166373452161789,0.2079767853141202,4.5902045144780725,0.04636471990464839,73.33686795119465,2,06
2064,0.6063478923168396,0.3676577665170737,0.011376839065061817,4.856149159154895,0.04541120381406436,83.11405905566734,2,06
2065,0.6267964527919517,0.3928737932325734,0.018029851264234387,3.838489172445575,0.04803337306317044,95.08347652015253,2,06
2066,0.77281448940106,0.597242235028221,0.06733697898126204,5.971112315966996,0.047556615017878424,125.3486182639607,2,06
2067,0.7073718810872359,0.5003749781528947,0.24773870240899032,6.055956598673325,0.04922526817640048,112.81189448235256,2,06
2068,0.8200576728710635,0.6724945868347041,0.056265130057140005,5.568154416184714,0.050417163289630515,149.95201468502762,2,06
2071,0.2732947329115356,0.07469001103718759,0.6631524379725713,26.541116685989724,0.02300357568533969,-10.002540729721037,2,07
2072,0.3056352189496484,0.09341288706239952,0.42201525861721956,14.405322974242354,0.03253873659117998,8.587617868771016,2,07
2073,0.3105083129672094,0.09641541242174245,-0.021751662733820912,20.72410865417409,0.02800953516090584,3.32924343779027,2,07
2074,0.33580632572462754,0.11276588839667465,0.2607957494832572,11.748091742901575,0.039213349225268174,15.020404131519745,2,07
2075,0.350243487323865,0.1226705004127824,0.146439248757389,12.268143563632146,0.03802145411203814,17.80321150596493,2,07
2076,0.5305679269900024,0.2815023251504686,-0.0027681622299553397,4.560177066762944,0.05470798569725864,88.24704330706801,2,07
2077,0.6923882731388704,0.479401520780227,0.05739087201750607,5.332326662494373,0.05733015494636472,128.20556266698895,2,07
2078,0.7858070394587279,0.6174927032628907,0.16006638122487482,7.5602188649815965,0.05613825983313468,150.45826246789008,2,07
2081,0.30265680436423903,0.09160114122797326,0.31586998128350735,10.280652542931225,0.04064362336114422,15.315141898828553,2,08
2082,0.3045342518428959,0.09274111054551235,0.06826699944921623,11.721377542698963,0.0401668653158522,9.610734147934693,2,08
2083,0.2903579366775469,0.08430773139164233,0.3504772665372232,12.016530220339302,0.03563766388557807,4.091994630365273,2,08
2084,0.4246317599650774,0.18031213157103912,0.10816995349696025,4.71428535794686,0.05780691299165673,62.191180273292304,2,08
2085,0.7511296885806785,0.5641958090673072,0.020817155700095884,4.552557866586953,0.0630512514898689,168.72088280002706,2,08
2086,0.8111806826143216,0.6580140998466368,-0.005720312241700557,10.509851684944929,0.06138259833134684,156.27862569798782,2,08
2087,0.7229282632685202,0.5226252738324388,-0.078030306463271,3.5475645709370554,0.06424314660309893,170.53357408171277,2,08
2088,0.7048235251306726,0.49677620157762786,-0.029920266915958834,4.437107223238894,0.06352800953516091,153.36159600016262,2,08
2091,0.4916699389468584,0.24173932886400745,-0.027975526697909408,4.607523142601777,0.05947556615017879,82.95213340935547,2,09
2092,0.7569605247192124,0.5729892359831853,-0.09441222042044778,4.863458720299182,0.06352800953516091,167.29872391119716,2,09
2093,0.6880167285643245,0.4733670187843554,-0.03419647350557498,3.491106096318334,0.06519666269368296,164.22733773544738,2,09
2094,0.7523738092049355,0.5660663487775446,0.019635265634123256,4.676915793692601,0.06543504171632897,174.3030389404753,2,09
2095,0.7760689251264452,0.602282976546916,-0.002310642803938975,3.3418429879533798,0.06829558998808105,198.54123215952492,2,09
2096,1.0071464916294472,1.0143440556015042,-0.014185851532777996,3.9719714473547567,0.06758045292014303,271.2703414616873,2,09
2097,0.7646638742676768,0.5847108406100534,0.014315825360485215,3.7245747338559654,0.06877234803337307,184.27096589466325,2,09
2098,1.099969945820051,1.2099338817073657,-0.06136118908542848,3.4720811850882605,0.06877234803337307,306.03342306938754,2,09
2101,0.43314987448945763,0.1876188137702329,0.07213882781003148,6.136483893703043,0.0599523241954708,69.6394876189923,2,10
2102,0.45033071545400827,0.20279775328131897,0.057952030490183014,4.940576137868208,0.05637663885578069,76.09146427703187,2,10
2103,0.389540016692989,0.15174142460517415,0.05778646436184172,5.017270966007475,0.05709177592371871,52.59019187836052,2,10
2104,0.4229679541953362,0.17890189027618805,-0.08109705878141875,4.124080611939406,0.058760429082240766,71.76594552581147,2,10
2105,0.5857264835455657,0.34307551352665383,0.038593796042612774,4.967987651097931,0.06257449344457688,117.35111201582814,2,10
2106,0.5396915925333841,0.29126701505122027,-0.05602143032323878,4.899892868241007,0.061144219308700835,103.3627400720011,2,10
2107,0.6018334127770573,0.3622034567348798,-0.02328219323497905,3.971902488912079,0.06567342073897497,129.16708645201896,2,10
2108,0.6521846646554933,0.42534483681179824,-0.03223949098063405,3.900838899430864,0.06758045292014303,152.1150431294245,2,10
2111,0.45919307467989484,0.21085827983397548,0.0753813088099657,5.235103992636023,0.05709177592371871,78.72086001171233,2,11
2112,0.5087115552740532,0.2587874464693461,0.01723541933644346,3.959439520349312,0.061144219308700835,97.70944069685272,2,11
2113,0.5303442562339471,0.28126503012033854,-0.0730374911119002,3.7317654832974876,0.05899880810488677,96.45796151651588,2,11
2114,0.5808711698711531,0.337411315987482,-0.07589888730964545,3.667462144764315,0.05899880810488677,110.41893082557645,2,11
2115,0.6741467076956895,0.45447378349693746,-0.006945956588122514,3.758881348544931,0.060429082240762814,138.38399846960633,2,11
2116,0.6970456185966918,0.4858725944048447,-0.07881760375543319,4.588744833850534,0.05947556615017879,138.40705558801284,2,11
2117,0.8067063730348542,0.6507751722950492,0.002636016920356435,4.963474498808077,0.05947556615017879,169.76246773440556,2,11
2118,0.8093640371990312,0.6550701447111147,-0.005925712088810229,4.435651883232614,0.06090584028605483,176.82679037667063,2,11
2121,0.33619581844429103,0.1130276283394267,-0.11323546296563389,10.668956396462622,0.041120381406436236,20.26427708601335,2,12
2122,0.345312824476164,0.11924094674770606,0.2136401149780323,8.276808907011443,0.04088200238379023,21.634118345936688,2,12
2123,0.5837746190086972,0.3407928057987496,0.16256979517532577,5.027612817973602,0.05137067938021454,90.25108801410519,2,12
2124,0.5859081669042371,0.34328838004508333,0.0008954644254206813,3.940104696712446,0.05089392133492253,90.62622910438677,2,12
2125,0.5594879357142296,0.31302675020976994,-0.03175856073895885,3.859928425494722,0.051132300357568536,87.17209571535163,2,12
2126,0.7830729657265698,0.6132032696518056,0.02300660941462111,3.8270668258856433,0.05232419547079857,151.70970223490139,2,12
2127,0.859926226097165,0.7394731143297125,-0.01992617337146661,3.4985881459615458,0.05494636471990465,177.08083885708749,2,12
2128,1.0537439725928028,1.1103763597756615,-0.04459903847994925,4.435663521189083,0.0568533969010727,229.26152110629468,2,12
2131,0.29048411345037173,0.08438102016704843,0.20496416529198494,9.811509383824426,0.038259833134684146,16.966650750790087,2,13
2132,0.29087421682031084,0.0846078100108292,0.1601792791020851,10.043190818497349,0.04159713945172825,18.81268309722043,2,13
2133,0.34591618705205524,0.11965800846463247,-0.04594170343923028,6.683919085041945,0.0432657926102503,33.00982048244477,2,13
2134,0.4011586942260967,0.16092829795318694,0.01746874663340425,4.867711425628535,0.04874851013110846,53.476603453002646,2,13
2135,0.646227909017226,0.4176105103927762,-0.007747344362401747,5.405613470571879,0.05947556615017879,130.19604733759408,2,13
2136,0.8722890113001542,0.7608881192350007,-0.1333464187592787,3.547800482520772,0.06209773539928486,211.74315916539763,2,13
2137,1.0678560585348733,1.1403165617496347,-0.03336777901898738,4.291190428421914,0.06710369487485102,282.3756371548687,2,13
2138,1.135196204656271,1.2886704230660022,-0.026064098130589745,3.7637189792063284,0.06376638855780692,305.56324741784147,2,13
2141,0.22729477216732644,0.05166291345459683,0.10518319751524723,18.836443334040773,0.04064362336114422,5.264452821514461,2,14
2142,0.3254559594706283,0.10592158155494723,0.15218416337337334,7.858983468888748,0.045887961859356376,23.07198174100204,2,14
2143,0.35260021325354823,0.12432691038644769,-0.005584954572217698,5.672086261818216,0.04612634088200238,33.88609775973508,2,14
2144,0.3717516037587403,0.13819925489719545,-0.059554854410596596,5.306609398047032,0.04707985697258641,43.49329240677691,2,14
2145,0.5654687685714563,0.31975492822971924,0.02219531750941314,4.979461799226958,0.055899880810488675,105.47343215313657,2,14
2146,0.5953461786206364,0.3544370723981947,0.017239172849945122,5.166115202850561,0.058760429082240766,114.03326033306705,2,14
2147,0.9157369126121458,0.8385740931204249,0.00968196106783697,3.7751151295319922,0.06615017878426699,244.87238151430188,2,14
2148,0.9572338055350268,0.9162965584590695,0.020692143332663098,3.202115723625703,0.06591179976162098,270.66776488013505,2,14
2151,0.24101330796196987,0.05808741461477133,0.2751196319188356,15.904614451687166,0.03373063170441001,5.750104112434747,2,15
2152,0.2423846245229912,0.058750306205151426,0.5075322550758757,10.851280673074873,0.03563766388557807,6.853735390442165,2,15
2153,0.2425267995061677,0.058819248478704865,0.27098153760166016,16.985498870453295,0.032061978545887965,2.4448320675042634,2,15
2154,0.3711518211521544,0.1377536743445608,0.08231478474938361,5.184210333582399,0.05256257449344458,52.70590946425831,2,15
2155,0.5303664048666247,0.28128852341114846,0.006284269422733806,4.33255548813185,0.06209773539928486,110.15606964270985,2,15
2156,0.6186786727187027,0.3827633000769756,0.04251470771889537,4.0904344005941695,0.060429082240762814,133.5794967779443,2,15
2157,0.839910313693111,0.7054493350480601,-0.00013360128585393968,4.523433239306942,0.06400476758045293,211.18524352943314,2,15
2158,1.0720248752673165,1.1492373331919055,0.018227122662469817,6.263868628295265,0.07115613825983313,304.659546693513,2,15
3011,0.45181740563794454,0.20413896803740292,0.025175939858341188,3.814157092846592,0.046841477949940404,45.38988922635312,3,01
3012,0.6768344105938856,0.4581048193639725,-0.035862866842100036,4.117654094791922,0.05017878426698451,109.28664243100252,3,01
3013,0.686665626268784,0.4715096822991014,-0.06442236324451703,5.4667672062165265,0.05017878426698451,97.79135389854322,3,01
3014,0.620063534446998,0.3844787867509035,-0.02620130535371814,6.437983295634639,0.04874851013110846,78.49236159843119,3,01
3015,0.7075847836011974,0.5006762259839533,0.01221070090775576,5.625776266737982,0.050417163289630515,109.11879452454859,3,01
3016,0.6391299374511931,0.40848707694636593,-0.001996810796994521,3.0985999630410572,0.04922526817640048,102.07471975622654,3,01
3017,0.6307810891392731,0.3978847824157276,-0.002862436807186321,3.2042903221223997,0.04874851013110846,95.36417922476359,3,01
3018,0.6963276201424786,0.484872154573288,-0.09487467910224101,3.6986764117468405,0.05184743742550656,120.25932704447986,3,01
3021,0.4969119807880507,0.24692151665070408,0.053275974748499266,4.041892116827428,0.04469606674612634,60.90640371601676,3,02
3022,0.4344445541640896,0.1887420706428346,-0.03324787123333413,5.508705904017734,0.0432657926102503,40.17993138475742,3,02
3023,0.46033526515877765,0.21190855634880212,0.027851691452499813,3.548559538034049,0.04636471990464839,62.683939098398604,3,02
3024,0.6794366463199663,0.4616341563625229,0.030650276377464175,6.6367469672289765,0.05089392133492253,107.62241458013008,3,02
3025,0.6403254647096368,0.4100167007556123,0.034060882705599,4.355457657350325,0.048986889153754466,96.22669215127871,3,02
3026,0.7968105926548043,0.6349071205669004,-0.05842143574621048,5.108362108384456,0.04946364719904649,134.95445565339534,3,02
3027,0.698490876496287,0.48788950454855134,0.02218490637491903,9.505161307030994,0.04922526817640048,93.58430747841481,3,02
3028,0.5059940235497561,0.2560299518680711,-0.03651043139562995,3.7192699493298256,0.050417163289630515,67.80023101159878,3,02
3031,0.6964560399492571,0.4850510155818012,-0.01671122920646815,3.3357718017263145,0.04874851013110846,114.81591721221716,3,03
3032,0.7460225801990794,0.5565496901668918,-0.021795805237811747,3.9026756809622705,0.04851013110846245,129.3587856719035,3,03
3033,0.7349918452061704,0.5402130125195712,-0.09261032660809405,3.35926277474522,0.05017878426698451,128.2162592633054,3,03
3034,0.9701707438582425,0.9412312722384556,-0.014350183462074721,3.4349071155316335,0.04946364719904649,189.8702270759948,3,03
3035,0.925372664964491,0.8563145690634841,0.012375038920049233,3.535429279850235,0.05017878426698451,173.37006552633582,3,03
3036,0.8439903989331288,0.7123197934913018,-0.044482476172792676,2.825763902804605,0.04779499404052443,159.36167925466185,3,03
3037,0.810522190391073,0.6569462211163427,-0.0321071966047118,3.4142837116011213,0.051132300357568536,138.83405704974012,3,03
3038,1.0035907143517033,1.0071943219329622,-0.039562397151503,3.446300874916085,0.05184743742550656,196.619237434738,3,03
3041,0.6209015478359742,0.3855187321051085,-0.02023226995548467,3.1510497006612943,0.05089392133492253,111.92778274556848,3,04
3042,0.6750899502977035,0.45574644099295575,0.012596094270611802,3.1692608943901632,0.05256257449344458,128.33722447467287,3,04
3043,0.7407184811580972,0.5486638683291585,-0.04242093395197419,3.4275856103206683,0.05446960667461263,153.09641742647148,3,04
3044,0.8182900549261699,0.6695986139910741,-0.03814497315122534,3.5988819913507015,0.056615017878426696,169.77177437196588,3,04
3045,0.9817712853165766,0.963874856672163,0.04816704832730453,2.8060144705457857,0.056615017878426696,229.91690288804452,3,04
3046,1.0521145524232254,1.1069450314207239,-0.03337649150975344,3.8782015843529973,0.05613825983313468,236.2437917494763,3,04
3047,0.8746618321836132,0.765033320678795,-0.014809579488645142,3.1301680737581474,0.05852205005959476,187.03585026331913,3,04
3048,0.965991478514823,0.9331395365632538,0.006487482904881976,3.6308206213358307,0.0568533969010727,215.72250102394977,3,04
3051,0.4391570684285954,0.19285893075079805,0.16811855291403563,6.8020706490802345,0.04803337306317044,52.95768506437261,3,05
3052,0.44684279891265644,0.19966848694009673,0.08126474611003322,6.181114941435769,0.04803337306317044,53.88697611495135,3,05
3053,0.38450325258891216,0.1478427512514528,0.07763975597976122,6.7757781252932245,0.04421930870083433,29.550290895084782,3,05
3054,0.4497736953039589,0.20229637698737846,-0.007128782532994873,7.030006034532128,0.05232419547079857,50.511830385444156,3,05
3055,0.48512157301635345,0.23534294060586114,0.04500589546976908,6.0983245970015805,0.051132300357568536,62.74594640280929,3,05
3056,0.435647752648909,0.189788964388045,0.0451616504593873,5.092720092538811,0.048271752085816445,45.90800391312106,3,05
3057,0.5384988298346983,0.28998098973333936,-0.048840674541407725,7.471326871480472,0.05065554231227652,73.36244175827963,3,05
3058,0.6729798382453616,0.452901862684753,-0.2428596108366926,7.2803515997194355,0.051132300357568536,104.55135464282871,3,05
3061,0.46337343811146964,0.214714943147244,0.01471755763923337,5.705466107332129,0.04946364719904649,55.00540398924756,3,06
3062,0.7483305718398742,0.5599986447501931,0.03861921006916033,4.883928665994464,0.06090584028605483,150.86941323443168,3,06
3063,0.682447024577151,0.46573394135420654,-0.12206879756131378,5.1846620342945835,0.060429082240762814,134.8710103869164,3,06
3064,0.7165856151995107,0.5134949439108613,0.024594347907163163,4.513312003367429,0.06019070321811681,142.88759699002688,3,06
3065,0.7221679717671532,0.5215265794462838,0.038577930085448416,3.823237945765216,0.0599523241954708,143.24467186615706,3,06
3066,0.8266787515660805,0.6833977582908535,-0.05091224446680568,3.3705450334412697,0.06257449344457688,177.83850361366925,3,06
3067,0.8856138149398375,0.7843118292122927,0.030053945506088194,3.8026002859457537,0.06495828367103695,207.1298483362365,3,06
3068,0.986611103850355,0.973401470240816,0.012774397664095228,3.1233352141057584,0.06495828367103695,257.1718946351007,3,06
3071,0.3138269710240809,0.09848736774214932,0.02423526912731719,9.224487856092017,0.044457687723480334,14.621235722492678,3,07
3072,0.3430270114450035,0.11766753058089058,0.06020307658953567,6.207818507791188,0.04922526817640048,30.415492918553227,3,07
3073,0.5133793683705709,0.2635583758685663,-0.02539810577209914,4.363741093470011,0.05780691299165673,85.28575766739628,3,07
3074,0.6047158293390655,0.36568123425323384,0.02510277528490237,9.090249754721178,0.06352800953516091,129.82906031307346,3,07
3075,0.6342279532956207,0.40224509674155196,0.0008074201837020852,5.1739621345718465,0.06352800953516091,128.9683605427583,3,07
3076,0.6106329687938679,0.3728726225780128,-0.04759564735681227,3.6136379824575546,0.06758045292014303,138.38611140930004,3,07
3077,0.6769117727631858,0.45820954810539893,-0.06960183231770395,3.388847899674427,0.0697258641239571,168.7367183510363,3,07
3078,0.7594495901717482,0.5767636800120363,0.007907008980526316,3.553075659515244,0.06758045292014303,183.5183533618251,3,07
3081,0.4451102350571311,0.1981231213526145,0.04229585444406412,5.537052245280692,0.05852205005959476,57.46952324662314,3,08
3082,0.5208591070944726,0.2712942094432513,0.06232028473407528,4.857282467071573,0.058760429082240766,74.72365867640504,3,08
3083,0.501179913922476,0.2511813061193404,0.03162305424865315,3.8587636745836913,0.06424314660309893,77.11528321636743,3,08
3084,0.5732821084458761,0.32865237586414925,-0.010091743207848048,4.115289157196488,0.06233611442193087,104.90979287532683,3,08
3085,0.54068879900169,0.2923443773658899,0.04285450488492083,3.5797508667744578,0.06543504171632897,99.03148261595305,3,08
3086,0.6205091320567078,0.3850315829657688,0.041455051113187244,6.3945244206209955,0.06543504171632897,110.03715484649899,3,08
3087,0.627782616917205,0.3941110141034142,0.0085967316644755,4.279296720787262,0.06138259833134684,116.29575185961279,3,08
3088,0.6105360868970542,0.3727543134035673,0.0860560389273552,3.744511819329864,0.06400476758045293,115.43104281584984,3,08
3091,0.2889508352833289,0.08349258521093346,0.19152244298110838,17.006762239828383,0.04374255065554231,-10.21497358901314,3,09
3092,0.3042509615002612,0.09256864757383343,0.3976106234822977,15.079970038353496,0.05137067938021454,-1.1878992711228613,3,09
3093,0.3363326225055852,0.11311963296148449,0.17881845486209444,10.659554583616725,0.0568533969010727,11.740208878880447,3,09
3094,0.3578397837787034,0.1280493108547892,0.3855341922950634,14.80287818307345,0.0599523241954708,20.654148644631242,3,09
3095,0.3386657225756156,0.11469447164766385,0.14098812954376447,11.031957005357043,0.052800953516090585,10.162737726717177,3,09
3096,0.3761621163764026,0.14149793779677428,-0.01098400572711618,9.139989581523682,0.06734207389749702,31.044460161510084,3,09
3097,0.4117953596732646,0.16957541824843334,0.01986333913320216,8.532035153235112,0.07258641239570918,51.87551402403352,3,09
3098,0.4449794210709784,0.19800668517666306,0.05593095491895738,9.394685471753718,0.07163289630512515,58.75605391393989,3,09
3101,0.24870412893602786,0.06185374374982837,-0.0034841352206480282,23.641490286193623,0.036829558998808104,-40.25547679325764,3,10
3102,0.2745545607943898,0.07538020685300027,-0.018250274972929793,16.49749896933845,0.04564958283671037,-21.792711033118405,3,10
3103,0.25317036321168396,0.06409523280873598,0.14444770753888436,19.55268915100086,0.038259833134684146,-28.916051223632714,3,10
3104,0.27715127147874263,0.0768128272822837,0.13348188230145053,26.864882111659828,0.039213349225268174,-31.19860501812506,3,10
3105,0.30207409864090773,0.09124876106971685,0.039424125583857196,16.525222239907915,0.052800953516090585,-9.054379449964078,3,10
3106,0.2882553599299011,0.08309115252831682,-0.09892532034192728,18.703657281506946,0.05399284862932062,-13.231606637567422,3,10
3107,0.2880039044355513,0.08294624897012216,0.12348033836933922,12.658503976022399,0.0568533969010727,-12.494441190636717,3,10
3108,0.354963993913375,0.12599943697493454,0.0874954622606919,11.797200736912531,0.06519666269368296,25.680697745775213,3,10
3111,0.22470063291045875,0.05049037443036074,0.962847614543109,49.94936476174149,0.015137067938021454,-34.29476069194718,3,11
3112,0.2351919906958694,0.055315272487485925,0.6283079853693474,48.946607041914945,0.015613825983313468,-32.19047676760112,3,11
3113,0.24425932952269336,0.0596626200588757,0.7106076225507308,41.07263774194755,0.02300357568533969,-32.84853608779342,3,11
3114,0.45004596970872485,0.2025413748510665,0.2329428231301555,7.3412289665872095,0.06471990464839095,67.61751683259607,3,11
3115,0.4553308414611621,0.20732617518572993,0.11982598809560138,6.370973423160618,0.066626936829559,73.52264409791299,3,11
3116,0.3428783284502411,0.11756554812083139,0.22660355301710802,9.834034587751377,0.05089392133492253,20.368062773244596,3,11
3117,0.4708706766627933,0.22171919414087685,0.024696358085644507,7.877273238589292,0.0632896305125149,74.12283676106605,3,11
3118,0.49786777132404514,0.2478723177231717,0.09770742760607243,6.082293723554078,0.06376638855780692,84.38592495091103,3,11
3121,0.21064712214977868,0.04437221006998378,1.8045135286712541,54.321120992538305,0.011561382598331347,-55.72788593381858,3,12
3122,0.2320981908906034,0.05386957021469098,0.8815578300390496,41.090550100851175,0.016805721096543505,-53.43133388952794,3,12
3123,0.3581594780639291,0.1282782117270261,-0.35922044642697837,31.16776185963986,0.0401668653158522,-5.07937193092947,3,12
3124,0.3044263465060642,0.09267540044703027,0.15094339156144596,20.917643622077097,0.03730631704410012,-17.14026843811913,3,12
3125,0.285161491482272,0.08131707622439388,0.16160932130425595,20.152475448588884,0.035876042908224076,-23.621795840618287,3,12
3126,0.32364898137986775,0.10474866314822598,0.10119844271773855,14.867297710197429,0.0432657926102503,-7.257380220499534,3,12
3127,0.3827889133627316,0.1465273521934208,0.1627969653302936,11.642360866064717,0.052800953516090585,19.338301866426857,3,12
3128,0.4006160784199116,0.16049324228854875,0.19736623112286422,8.901272657516417,0.05923718712753278,31.282508976078965,3,12
3131,0.33336097062671355,0.11112953673718458,-0.07190869866081291,7.370917331232689,0.04469606674612634,27.154710215062828,3,13
3132,0.38765658690986377,0.15027762937460476,0.020768195805562564,4.88750499400713,0.05089392133492253,40.42896275772399,3,13
3133,0.36495639126563467,0.13319316752563504,0.11051661292746075,4.362746704275747,0.05017878426698451,42.54095132039164,3,13
3134,0.5426333436368128,0.2944509456264674,0.11626304703680909,7.7477463909270545,0.05709177592371871,90.3541040939881,3,13
3135,0.5640991022721634,0.3182077971842607,0.009817898496597392,5.613883531488995,0.05637663885578069,100.71547583328005,3,13
3136,0.5650429215768636,0.3192735032241177,-0.07249696560207688,3.820959607751597,0.05828367103694875,102.80833115849639,3,13
3137,0.6895331658523851,0.47545598681041285,-0.19581248527831563,5.108502272554518,0.06090584028605483,141.46610012656512,3,13
3138,0.6492555309585037,0.4215327444802086,-0.06874215543737715,5.176868802947288,0.06281287246722289,129.13077976578975,3,13
3141,0.4575210607367254,0.20932552101765836,0.11737608582932456,7.315845794862281,0.042073897497020264,38.73896402791701,3,14
3142,0.5405459066874719,0.29218987723658113,-0.09792991060338896,4.440987327164568,0.046841477949940404,65.79980761832016,3,14
3143,0.5599230384211916,0.31351380895481923,0.0842176631823643,3.9092380680214207,0.04707985697258641,75.82534549789244,3,14
3144,0.5528120757725727,0.3056011911199807,0.2132281717307631,5.306215699518985,0.04707985697258641,71.62156714658116,3,14
3145,0.694449218707709,0.4822597173637475,0.13075361283755615,6.820486302302839,0.052800953516090585,108.70600063719245,3,14
3146,0.7282437607869371,0.5303389751251016,-0.007275241943177849,4.045706873940699,0.05303933253873659,128.95509256196885,3,14
3147,0.8294032401831718,0.6879097348263442,0.2131405941921594,6.492755110768966,0.05542312276519666,155.03281878141755,3,14
3148,0.7819960846176254,0.6115178763572963,-0.0713686160260926,3.5025392857012645,0.05566150178784267,154.13354078443214,3,14
3151,0.5773876412496035,0.3333764882677808,-0.005157731709031135,3.9692411804275793,0.04707985697258641,79.82748577542144,3,15
3152,0.7677055248131196,0.5893717728285874,-0.013199429953860935,4.612004435829563,0.04803337306317044,132.49752709352927,3,15
3153,0.735035895752795,0.5402777680451137,0.02189222080307587,4.088009943946035,0.05065554231227652,130.32848010636562,3,15
3154,0.799104217900732,0.6385675510667407,-0.035143018982346744,3.5512001871895076,0.05065554231227652,147.43267192333172,3,15
3155,0.8664998086658625,0.7508219184179763,0.016479506104003092,3.8983568476083694,0.04851013110846245,151.7960350143136,3,15
3156,1.0188459585942142,1.0380470873437633,0.013551161276576143,4.087954041227256,0.04946364719904649,192.31936686152065,3,15
3157,1.1562751988451085,1.3369723354642953,0.023318236515587003,3.354550055617636,0.05232419547079857,239.76159469939574,3,15
3158,1.0925859574494576,1.1937440744157481,0.01635071174192018,3.260265264402996,0.051132300357568536,228.0605807393497,3,15
4011,0.4994285131098474,0.24942883970711305,-0.0140878056860229,4.014746692128341,0.043504171632896306,60.36881246257886,4,01
4012,0.5108499862755885,0.260967708477769,0.018036030777391722,4.097045153512449,0.04374255065554231,71.29310566901788,4,01
4013,0.5374427892711112,0.2888447517395121,0.009795514957424005,3.2591239763442834,0.045172824791418355,74.23368575992939,4,01
4014,0.6253341029840891,0.3910427403549153,0.03267830680697559,3.2916844526769635,0.04612634088200238,95.73070389428018,4,01
4015,0.6949963159535093,0.4830198791889501,-0.015744295565022198,3.6027795537645875,0.04612634088200238,105.71459641213308,4,01
4016,0.762842410094795,0.5819285426392354,0.003937429433380467,5.315602426724187,0.04731823599523242,124.91198565322227,4,01
4017,0.7621585454440751,0.5808856483934284,0.013316040957364163,3.7770079718198053,0.048271752085816445,141.4287691274759,4,01
4018,0.7886860612090256,0.622025703145407,0.014017705273520248,4.054178489749313,0.048271752085816445,135.33749333555318,4,01
4021,0.6788783834630202,0.4608758595333635,-0.007314908812151963,3.4119029429900327,0.046841477949940404,116.93252647657965,4,02
4022,0.5961426280917441,0.35538603302813154,0.0488104152002673,3.328246551904684,0.0466030989272944,96.56249204517889,4,02
4023,0.7180684209541457,0.5156222571715802,-0.006305596774617832,6.84823426386523,0.0466030989272944,110.43185185019605,4,02
4024,0.6224886377863287,0.3874921041730791,-0.012259356762257832,3.6932411850935876,0.04779499404052443,102.67690902847767,4,02
4025,0.6977442054399734,0.4868469762250598,-0.03826565474240885,4.510746611601696,0.04922526817640048,120.25566469140033,4,02
4026,0.7794329672003754,0.6075157503587814,-0.018955534464280038,3.523390869114909,0.04779499404052443,147.47824081619757,4,02
4027,0.7465616356907911,0.5573542758853096,-0.039597373248304306,2.769355395340641,0.048986889153754466,140.63256696649344,4,02
4028,0.8222462238324157,0.6760888526066672,-0.0066981584442939,3.0511500520435755,0.05065554231227652,163.27102582728693,4,02
4031,0.9089962545335848,0.8262741907560857,-0.11386901938260618,3.5835977039203386,0.04779499404052443,169.80425542203707,4,03
4032,0.8279683802280507,0.685531638657462,0.010626301688576395,3.124983216585439,0.048271752085816445,154.03336986188268,4,03
4033,0.7413856070251096,0.5496526183039903,-0.012749643640393722,3.275509720195612,0.04731823599523242,131.9634455120484,4,03
4034,0.8273640009407627,0.6845311900527064,-0.051181430225690334,3.603687179148447,0.04922526817640048,150.47499370487856,4,03
4035,0.8490931162659676,0.720959120090252,-0.03474296163078325,3.250081433760825,0.04922526817640048,156.7727950457693,4,03
4036,0.9215785687626591,0.8493070584026312,-0.10046842791174236,3.3934735542401246,0.05017878426698451,185.1820990368843,4,03
4037,0.8830672827021184,0.7798078257789032,-0.07508061359887051,2.793765431694567,0.04779499404052443,171.1448482910108,4,03
4038,1.025585848345197,1.0518263323259374,-0.019443502289211007,3.1524846725070805,0.050417163289630515,211.18016988192545,4,03
4041,0.5152242452166411,0.26545602285905756,-0.04537813845059961,3.957110194187309,0.0532777115613826,73.36620724243846,4,04
4042,0.5867036643397743,0.34422118974971855,-0.09934267452482963,4.263887733418708,0.05256257449344458,84.38011835301268,4,04
4043,0.6820304303797714,0.4651655079640162,-0.14611529052417777,6.4789097474904,0.05566150178784267,117.3081211733315,4,04
4044,0.7917910266284099,0.6269330298492714,-0.06539154270370119,3.8588510896626693,0.057568533969010724,166.97955988360832,4,04
4045,0.7108728851006199,0.5053402587712791,-0.051142664226122986,3.1465780494832885,0.0532777115613826,130.50626554699414,4,04
4046,0.7881224583966269,0.6211370094291429,-0.0611356070624296,3.940018054378111,0.05852205005959476,154.68217460140673,4,04
4047,0.8975584641893907,0.8056111966380177,-0.08633514662317414,3.6270234128684873,0.05780691299165673,190.01951446753034,4,04
4048,0.8735125962565401,0.7630242558188413,-0.10502832296136451,3.4807296477874123,0.057568533969010724,188.82436922573717,4,04
4051,0.3181136515745992,0.1011962953181255,0.0008807064272825107,8.348810937697264,0.042789034564958285,-7.7559172464046195,4,05
4052,0.31771552892917027,0.10094315732274242,0.1863748804497034,10.974416760302576,0.045172824791418355,-0.9614910024483323,4,05
4053,0.3558304233142563,0.12661529015600284,-0.008479449498095471,7.1948270676226285,0.049702026221692494,18.792791527044116,4,05
4054,0.4121933771323849,0.16990338015180048,0.02007634709782747,4.429379150186158,0.05184743742550656,36.48553070915455,4,05
4055,0.4208151022466649,0.17708535027887104,-0.0024436348695335126,7.104599727735199,0.056615017878426696,44.01828824286877,4,05
4056,0.41455675399029174,0.17185730227896726,-0.04728323687852037,6.702364479349186,0.05303933253873659,33.3056850816052,4,05
4057,0.4263433998587607,0.1817686946031271,-0.02454401262810053,5.20310413189745,0.05446960667461263,41.3645176933552,4,05
4058,0.49573540233825475,0.2457535891314713,-0.06298353916384353,4.583090624351064,0.05828367103694875,69.68217098416017,4,05
4061,0.25311723768131833,0.06406833601142099,0.4967031536788311,22.8058316249032,0.028963051251489867,-23.68219128202221,4,06
4062,0.3201345207004778,0.10248611134412466,0.28741525078638297,16.721001944761404,0.03945172824791418,-6.598541863678595,4,06
4063,0.3140174070910745,0.09860693195620161,0.19587210285013243,16.812327250494473,0.04636471990464839,-2.057861585153851,4,06
4064,0.3416894307709828,0.11675166710059824,-0.09938700583303905,11.358078639810143,0.052085816448152564,18.054447563872912,4,06
4065,0.415416706661325,0.17257104017334135,0.009124287880520646,6.531705131540826,0.06805721096543504,59.20828399282817,4,06
4066,0.4860985362290467,0.23629178692402183,-0.1314294503782313,6.240646553153043,0.07258641239570918,94.2853442633075,4,06
4067,0.47970003671886763,0.23011212522808294,-0.2469946956007189,6.133220856961287,0.0735399284862932,85.54798867839284,4,06
4068,0.5746551564436364,0.3302285488272602,-0.16532389798662134,4.415082484835308,0.07759237187127532,135.4193684698671,4,06
4071,0.20502266788996248,0.04203429434871785,0.7441671888295533,37.83385985242535,0.02491060786650775,-46.11299534155213,4,07
4072,0.2598224941429026,0.06750772846263865,0.3197966630221928,19.920290495597293,0.04421930870083433,-13.566887542811886,4,07
4073,0.23953949759218127,0.05737917090671461,0.6172152355222925,28.91916701474028,0.035876042908224076,-29.900177541498852,4,07
4074,0.29562555427854825,0.08739446834249888,0.43901837350217054,25.103130987192447,0.05303933253873659,1.2148479321816,4,07
4075,0.3186863450443754,0.10156098651774267,-0.1386997831363499,12.909018262192836,0.056615017878426696,15.785053023452898,4,07
4076,0.33276696623360486,0.11073385381631712,0.06631163856778481,7.522940467740054,0.06424314660309893,29.457568080078723,4,07
4077,0.4181877867226586,0.1748810249639958,0.04825685805148338,6.205154706226335,0.07783075089392133,73.45771813453527,4,07
4078,0.4922142737074083,0.24227489124131144,0.059667050684316214,4.746036326338463,0.08188319427890346,117.27472404497811,4,07
4081,0.16152087118862318,0.026088991829531803,0.8593916525189937,61.880118374385354,0.01466030989272944,-70.42559580084959,4,08
4082,0.17095142640300112,0.029224390189220708,0.768543748540332,51.425893996481555,0.020381406436233613,-60.73181785316459,4,08
4083,0.1867278786251627,0.0348673006558535,0.23074198809270655,34.829467127331,0.03182359952324196,-48.28362056566033,4,08
4084,0.19310654605319605,0.03729013812859513,0.687861162509358,29.384515275238556,0.04135876042908224,-36.69931823101644,4,08
4085,0.21901004637708396,0.04796540041409247,0.29748752264216116,20.39877772631975,0.04541120381406436,-29.526758083250694,4,08
4086,0.24646528753149,0.06074513795798004,0.14945245728948026,15.422909193179974,0.06495828367103695,-3.0335913667635124,4,08
4087,0.26166810976810817,0.0684701996696147,-0.2761088519486841,11.177428661405932,0.06710369487485102,4.497549310406373,4,08
4088,0.3202778175668047,0.10257788042535541,-0.08028689477150967,7.345420479662211,0.08593563766388558,45.39115551865767,4,08
4091,0.37899276812553434,0.14363551829145504,-0.3893913934522948,10.790595675433895,0.05399284862932062,53.787105669114986,4,09
4092,0.3913436588675072,0.15314985933580785,-0.1787472762361902,8.53767656237363,0.056615017878426696,59.39759747832531,4,09
4093,0.4040951333442897,0.1632928767925393,0.023092786226019596,4.315491332134026,0.05923718712753278,68.67181576718093,4,09
4094,0.44140607206483,0.1948393204557019,-0.06254898003354684,3.9230939940625595,0.05733015494636472,76.31194314253413,4,09
4095,0.5480782233151174,0.3003897388722556,-0.12404074891733073,4.386455750875255,0.06495828367103695,122.44998038660752,4,09
4096,0.5963597835940181,0.3556449914883041,-0.10238307241406443,3.787140068647203,0.06591179976162098,135.31569359744222,4,09
4097,0.7151619654243173,0.5114566367895724,-0.021625521934279485,3.4145417668176634,0.06519666269368296,183.85560453833722,4,09
4098,0.9399453174958095,0.883497199882298,-0.03094144591924205,3.918370197085911,0.06710369487485102,259.49026636845105,4,09
4101,0.3459609191788923,0.11968895759910407,0.12106463241750563,5.359662273793662,0.043504171632896306,36.682158317233174,4,10
4102,0.3728454521710431,0.1390137312046296,0.09676918759064967,5.436735936223309,0.044457687723480334,42.11275145542514,4,10
4103,0.41010221315359163,0.16818382523347392,0.09880030195770757,4.508002203847589,0.05089392133492253,57.66654743923533,4,10
4104,0.4326997222947707,0.1872290496739717,-0.06451254067817423,5.481481136163111,0.05089392133492253,63.290260130336314,4,10
4105,0.5514553178635033,0.3041029675999375,-0.044582821460765434,3.5454933215562128,0.055899880810488675,107.42478629511582,4,10
4106,0.6396741717714353,0.40918304603147165,-0.007218794640625227,3.382184068220703,0.056615017878426696,133.16702546693742,4,10
4107,0.6141946651969556,0.37723508675640044,-0.0007155262378649436,3.3639361225506796,0.05399284862932062,123.80129579945184,4,10
4108,0.9938592611392422,0.9877562309522404,-0.03809695897266298,5.4543070442542065,0.058760429082240766,240.18269811890357,4,10
4111,0.2227112624384937,0.04960030641694762,0.21195547122848382,25.756923832601228,0.024195470798569724,-2.11356186965679,4,11
4112,0.252597172191567,0.06380533139917616,0.3259336559241244,15.323515982744981,0.03182359952324196,6.403727103114676,4,11
4113,0.2810498544708339,0.07898902069807692,0.11369736185732704,13.364866190621475,0.03492252681764005,5.761459084779361,4,11
4114,0.4217099618454177,0.17783929191966366,0.022466042759304108,5.706372997553578,0.04779499404052443,54.117936125390614,4,11
4115,0.43920779092181383,0.19290348360641973,0.10734093800928571,6.104985112522635,0.0466030989272944,51.76425199358284,4,11
4116,0.47742071583760115,0.22793053991088752,-0.05369490817786635,5.338137639102995,0.04731823599523242,67.29345821404085,4,11
4117,0.5839586301267544,0.34100768169951556,-0.09400276075372893,6.640107215520315,0.05065554231227652,100.6635375822331,4,11
4118,0.7047752738076666,0.4967081865706714,-0.05644720715614468,6.130280358807269,0.055899880810488675,137.41761292144722,4,11
4121,0.32248480828810727,0.1039964515766173,0.1371572606750901,7.889417313231075,0.037544696066746125,23.51586685987133,4,12
4122,0.4529705626320387,0.2051823306111857,0.03172924414611027,4.41330830910793,0.04541120381406436,62.06011008334569,4,12
4123,0.47551814655777647,0.226117507705743,-0.06905036880497067,5.787169761644854,0.0466030989272944,59.41290258208147,4,12
4124,0.5512741595403102,0.3039031989768754,0.02360441172008237,4.100142350338696,0.048986889153754466,90.068071126627,4,12
4125,0.7033239875290714,0.4946646314337934,0.04109949060600846,5.322121687258361,0.04922526817640048,119.2384897549714,4,12
4126,0.7733872169712828,0.598127787374586,0.028302695496661184,3.353374369708333,0.05184743742550656,155.42427182962223,4,12
4127,1.038068399261454,1.0775860015452372,-0.0358419145733685,5.152657603079827,0.053516090584028606,215.1587691313979,4,12
4128,1.2623895328320558,1.593627332603936,-0.008245733697613635,4.170472558709149,0.05256257449344458,276.78987440407144,4,12
4131,0.2986690903304256,0.08920322551880393,0.25308254083535087,12.364297243005536,0.02872467222884386,7.1588491645499674,4,13
4132,0.334427581806894,0.1118418074732068,0.07833029694543281,9.99006243378018,0.03253873659117998,15.55309875066078,4,13
4133,0.40609967893921795,0.1649169492345359,-0.0763017019310417,7.412340429164773,0.039928486293206195,35.6650018523873,4,13
4134,0.4103794250433022,0.1684112724988713,-0.08841875020884178,7.993503242873336,0.04255065554231228,37.7737614663093,4,13
4135,0.5368957376610826,0.288257033118638,0.056675255845047685,4.239779037735261,0.04636471990464839,76.2439491810394,4,13
4136,0.5896554097110944,0.34769350220155865,0.0430483141000192,4.395477623355648,0.04731823599523242,87.37456300697575,4,13
4137,0.8704071980769569,0.7576086904641789,-0.006645690255123323,6.378832038958079,0.05137067938021454,160.92875269435655,4,13
4138,0.9869598228271399,0.9740896918749794,-0.00911256557619995,3.432365129884327,0.054231227651966626,209.63211119946277,4,13
4141,0.44011744095929944,0.19370336183656242,-0.08333610410935101,7.655480157394418,0.04302741358760429,53.45527166361067,4,14
4142,0.49173173302389883,0.24180009726268692,0.05998804519224517,4.666597320172325,0.04612634088200238,69.32735307353708,4,14
4143,0.5838630043435076,0.34089600784102675,0.0677209147782645,4.465612864739625,0.050417163289630515,96.65254182979174,4,14
4144,0.6670688052648042,0.4449807909574132,0.04195319823216144,4.4514981182729345,0.048986889153754466,115.76363030016937,4,14
4145,0.7292306518408891,0.531777343584288,0.07740758149709395,6.991251329606078,0.052085816448152564,135.1526018405964,4,14
4146,0.7913275194180156,0.6261992429882699,-0.050457109912917394,4.01807835913557,0.053516090584028606,162.68722748208398,4,14
4147,1.1264707767906184,1.268936410963259,-0.0011372176575057558,3.3619382071325563,0.05470798569725864,255.2268924656039,4,14
4148,1.3365334532170279,1.7863216715682333,-0.004375008719597118,3.830690059906139,0.05399284862932062,309.0930180272011,4,14
4151,0.232617951021906,0.054111111137629855,0.7740090176031018,28.04369908330383,0.023241954707985697,-17.696629253875773,4,15
4152,0.25488401738656485,0.06496586231911469,0.3391158015260449,24.027191037432676,0.02491060786650775,-16.809364937540167,4,15
4153,0.34599091770663415,0.11970971513547889,0.09937501195454772,8.809725300939103,0.03945172824791418,24.304096622630794,4,15
4154,0.38285021388114243,0.1465742862688365,0.08810665137098173,8.108912516042388,0.04159713945172825,31.853680843202074,4,15
4155,0.4782054101134572,0.2286804142617798,0.13827581384703233,4.11256360887663,0.049702026221692494,66.97327283148323,4,15
4156,0.5267244527546434,0.2774386491296786,0.09154900412205982,3.9912433916645025,0.05232419547079857,84.71094117301757,4,15
4157,0.5862277908183061,0.34366302272771165,0.018880204894685632,3.5603357786990544,0.05613825983313468,110.1105047795611,4,15
4158,0.8094128417530964,0.655149148394823,0.07072638350234287,4.810699997339578,0.05947556615017879,175.2289648416429,4,15
